Image_id,Label
id_00exusbkgzw1b.jpg,0.11067963
id_03dqinf6w0znv.jpg,0.02423191
id_046yl0cxn3ybz.jpg,0.9454346
id_04athdtx2abyg.jpg,0.029043198
id_062aauf9e9jk0.jpg,0.032596588
id_0695b3b665yet.jpg,0.02523613
id_06cueqs5yhekm.jpg,0.9642334
id_0826dbdkr8sxr.jpg,0.94799805
id_09re5drh85tbo.jpg,0.024656296
id_0adud1myz8tvz.jpg,0.07950592
id_0ahjbw1wygbq0.jpg,0.95495605
id_0ap0rrztgzllj.jpg,0.9484863
id_0b2h9azccxoll.jpg,0.9160156
id_0j5gba6po16ug.jpg,0.066467285
id_0jubas2zt3q5z.jpg,0.13101196
id_0k22wddgzt1nz.jpg,0.98535156
id_0l90ghtsslv6g.jpg,0.9609375
id_0mjphd3r2uejx.jpg,0.9678955
id_0mlta27hqmml3.jpg,0.029922485
id_0myzqbh6fvzzv.jpg,0.02266121
id_0npkw9g4y75oe.jpg,0.04330063
id_0plgnufxxsnpp.jpg,0.027292252
id_0r2hd8hfafwbn.jpg,0.025716782
id_0r98ohaux1wiy.jpg,0.022248268
id_0s5x8uduy6c3q.jpg,0.91967773
id_0svp8i5wlcu3e.jpg,0.019639969
id_0tux9izvn7umd.jpg,0.94262695
id_0uc478pv0o6g3.jpg,0.038848877
id_0uh3w9bijtewm.jpg,0.026115894
id_0ura3hsgv5zvi.jpg,0.021142006
id_0wetngr9zyqm6.jpg,0.04899597
id_0wj6be37uwbhi.jpg,0.029425621
id_0xkl0snlt2y3x.jpg,0.713562
id_0zkr6vtyvjnu9.jpg,0.032435894
id_11bvbznva2jo8.jpg,0.17797852
id_12dyq23fuo9nq.jpg,0.97387695
id_1324iqtjw043w.jpg,0.030984879
id_139an03qmrx59.jpg,0.9711914
id_13havygrd3v4w.jpg,0.97216797
id_13hd8j23lrhaj.jpg,0.9448242
id_14tsub43bkzzz.jpg,0.019914389
id_16dnkud8qq8l2.jpg,0.94384766
id_17p5cvdpraxdh.jpg,0.026578903
id_19x6g4taktv13.jpg,0.97680664
id_1cx6hh7ewgqgx.jpg,0.9876709
id_1f5lcea4m8rnp.jpg,0.92822266
id_1k9faouq62mox.jpg,0.94836426
id_1l4h0vhnud0ic.jpg,0.9316406
id_1lpnu4rqt5b9f.jpg,0.070739746
id_1mg9d6um45a11.jpg,0.97229004
id_1mxmiinh3in5w.jpg,0.9086914
id_1o0z9vydafcip.jpg,0.84143066
id_1oyut0pu9ttwn.jpg,0.94628906
id_1p57tw8nzazla.jpg,0.07580948
id_1pmxhqqn398l2.jpg,0.9703369
id_1rb86b8diqbkw.jpg,0.97888184
id_1u2q9ukp453ew.jpg,0.95129395
id_1v75iehgemyt5.jpg,0.97058105
id_1v8w8sraqnbz2.jpg,0.8786621
id_1vzjypmfr35dl.jpg,0.9892578
id_1wegwqn4mol4x.jpg,0.7843628
id_1x288pfyh0tks.jpg,0.8619995
id_1yep96qak3c0q.jpg,0.9655762
id_1z0tnxk6yanpq.jpg,0.020551682
id_20msjfwkgnpj2.jpg,0.95092773
id_23u2523twmk3x.jpg,0.028272629
id_24kc7y2l44soo.jpg,0.95007324
id_24y48c27ilmqo.jpg,0.026371002
id_25kjf9gx2oph6.jpg,0.756897
id_26gvhdcwbps68.jpg,0.9407959
id_26i9wuheg2p76.jpg,0.044433594
id_26vqumjqtzjac.jpg,0.026601791
id_26x9nux8rhmak.jpg,0.97106934
id_2bh7ggn1td8wd.jpg,0.97021484
id_2fsbbrb0xtls0.jpg,0.9337158
id_2g71zfjozopn5.jpg,0.8498535
id_2gu27a9srjctq.jpg,0.9744873
id_2gybiveyn72x3.jpg,0.029452324
id_2kbngayjhnwo7.jpg,0.02150631
id_2l0xkafave4e4.jpg,0.8699951
id_2m24qax58rgjy.jpg,0.02567482
id_2mtelbe1xj75b.jpg,0.9284668
id_2n103793uxv6t.jpg,0.02628541
id_2nbeko5u3hdrc.jpg,0.9711914
id_2npfqwk9gj7f3.jpg,0.020616531
id_2oz67goe3wikz.jpg,0.024504185
id_2p1ytnn9ssfpx.jpg,0.030258179
id_2p4ynokajypt8.jpg,0.026460648
id_2q2lcmu8px1gc.jpg,0.028112411
id_2q4bu7y0ebndb.jpg,0.9428711
id_2re2u636pz6ad.jpg,0.96447754
id_2rmmfa9y1f4ov.jpg,0.06852722
id_2rweheoo68v70.jpg,0.021619797
id_2u2vqnj12aeo4.jpg,0.023792267
id_2ws5ijb466pik.jpg,0.97839355
id_2x28dk29uzeoj.jpg,0.9649658
id_2xptkialo0s7e.jpg,0.030366898
id_2yahipbtapwkc.jpg,0.025766373
id_2yyp15mu9bdu7.jpg,0.02517128
id_304kp0whwf76q.jpg,0.9659424
id_34mdlmsxqq6jf.jpg,0.018964767
id_35mu78ih546fo.jpg,0.9840088
id_35ug3not1c77s.jpg,0.9099121
id_36a5otnedevqa.jpg,0.9794922
id_36l7kbbawg9ry.jpg,0.02814293
id_36odi7o5z16r9.jpg,0.92736816
id_38af2cntk76qn.jpg,0.9715576
id_39luxkt7csd13.jpg,0.022995949
id_3aqdme2q8hp6n.jpg,0.9719238
id_3bermhe5hg2rm.jpg,0.9477539
id_3boz5a0eeysz6.jpg,0.9494629
id_3buaeymvpzsy7.jpg,0.9658203
id_3cn1i3qclbfhu.jpg,0.026578903
id_3f2v870m6jxvw.jpg,0.8688965
id_3f44ta8e6ojk7.jpg,0.021518707
id_3g5vtfft3wmhu.jpg,0.029174805
id_3gvjw21sjysp0.jpg,0.9453125
id_3hdi9js2wqvsa.jpg,0.030046463
id_3hhd0u4z63jlp.jpg,0.8774414
id_3jh2djjioilgu.jpg,0.95373535
id_3mwfmlmvcm7yg.jpg,0.018321037
id_3n7huc6icb3ox.jpg,0.9835205
id_3oncw1pb68k48.jpg,0.692749
id_3qnb0pkju0w6j.jpg,0.9576416
id_3tbx74flc959d.jpg,0.265316
id_3ucfbtpyk78pi.jpg,0.94055176
id_3uvemnxqa931m.jpg,0.05098343
id_3wf273ue1cgh2.jpg,0.96362305
id_409xu09v9bk75.jpg,0.9498291
id_410w9hapl583g.jpg,0.044387817
id_41xu14z3p6oau.jpg,0.081336975
id_41z82kqvasqs9.jpg,0.040512085
id_43b4443yxw8ro.jpg,0.027093887
id_45d963ifsml1n.jpg,0.97802734
id_47b8me4cyifit.jpg,0.9456787
id_47soif10ly3yn.jpg,0.98376465
id_49g8ic9axxw5f.jpg,0.94421387
id_49r1s82ybh7bs.jpg,0.016371727
id_4d7sse2cektzw.jpg,0.9797363
id_4eslc29j924hd.jpg,0.9622803
id_4ggf6501fpcp9.jpg,0.023608208
id_4gu2xv8jgbeay.jpg,0.02524376
id_4if0b73l05tde.jpg,0.9720459
id_4ims146cgq5sn.jpg,0.95251465
id_4jv6wve3ick5f.jpg,0.9765625
id_4jw00ndyefbzx.jpg,0.9244385
id_4ohn7damug4kx.jpg,0.02407837
id_4p11omowy0izq.jpg,0.26491547
id_4tk5wxl4255po.jpg,0.97509766
id_4wqs4hthjpya3.jpg,0.9610596
id_4xfzmmgfc171g.jpg,0.9770508
id_4xrd3ko2g8d8n.jpg,0.060216904
id_4xy0dl3e6db8x.jpg,0.030134201
id_4y8an286led98.jpg,0.03284073
id_4yurbsx0b1x9m.jpg,0.02562809
id_4z75taelnxyou.jpg,0.9818115
id_4zfln6wv48mdw.jpg,0.020690918
id_50e8946kxbe1a.jpg,0.026716232
id_50edsxup3qvgl.jpg,0.95654297
id_5198bchzrpws2.jpg,0.9649658
id_51i5bkwsy04y1.jpg,0.89953613
id_51lonq2vfen6h.jpg,0.03948021
id_539bc6yzgmjtm.jpg,0.022479057
id_56egppuh54bq0.jpg,0.064720154
id_56yiey29qhfqj.jpg,0.9517822
id_57pzkkjj9puat.jpg,0.033071518
id_59ccfoxko83ep.jpg,0.9465332
id_59ix9sywh926s.jpg,0.027536392
id_59xhantwxjh93.jpg,0.0874176
id_5aks00n4wsays.jpg,0.94750977
id_5avjgq6ghg9bn.jpg,0.023842812
id_5bq4vea4ozfre.jpg,0.021194458
id_5cz68gzaywzc3.jpg,0.041461945
id_5d4tm640cxehn.jpg,0.9456787
id_5dcv17hazcfxv.jpg,0.022583008
id_5gfn01h3en4g7.jpg,0.07855415
id_5h3a5k8kgkeqz.jpg,0.97888184
id_5hh7jywb7o8fk.jpg,0.94921875
id_5libvvmb4f0kf.jpg,0.02149868
id_5lx8yz38d737l.jpg,0.94714355
id_5oduvqqhbx06q.jpg,0.02947998
id_5ov0l3ik06dvh.jpg,0.9415283
id_5ozfvfnkmr7kr.jpg,0.96765137
id_5pgg1mpuwgssa.jpg,0.061374664
id_5qairnsctmj6g.jpg,0.027524948
id_5rxya1dylukmu.jpg,0.018273354
id_5sy4yt3x6oo8i.jpg,0.9666748
id_5v4jix3jp04u2.jpg,0.024511337
id_5wfdyw2yhoi39.jpg,0.023486137
id_5yumb1f3akbih.jpg,0.96533203
id_5z17uurrnd1n9.jpg,0.9770508
id_60cub0eob7s2x.jpg,0.019824982
id_60pstby71axh3.jpg,0.97766113
id_60uthvnthclr2.jpg,0.9346924
id_62k4vr9fjdhvz.jpg,0.028924942
id_6361fc78lznej.jpg,0.97888184
id_63e6bnh99yr8e.jpg,0.030765533
id_646qi8rbpqqhu.jpg,0.028579712
id_64p8vw5t1msl9.jpg,0.02777481
id_64s92a2hpeaha.jpg,0.92626953
id_66zo551dez9qw.jpg,0.046302795
id_69rchs4om86wg.jpg,0.9569092
id_6a59vynbqfrp3.jpg,0.02750206
id_6aro4b8y9uqx9.jpg,0.65856934
id_6bobg5bunqm7d.jpg,0.54348755
id_6cj7m6kb49iug.jpg,0.982666
id_6ecynb5o6j0r1.jpg,0.96691895
id_6eyj0q84l8c79.jpg,0.047481537
id_6fg87l8h3ka10.jpg,0.03565216
id_6fxf14x3iyu3t.jpg,0.9819336
id_6g6b9pzh9wrxk.jpg,0.03650856
id_6mq0u3ir3uvk5.jpg,0.026844025
id_6n6nsna8b28bs.jpg,0.022042274
id_6ook8801ytuw2.jpg,0.92126465
id_6pq39ivvqqym1.jpg,0.80340576
id_6qwe3p965ejkd.jpg,0.033397675
id_6t1egpy7ivnyc.jpg,0.018714905
id_71x0pzxwucfjo.jpg,0.030582428
id_72sk7ju71qmbh.jpg,0.94470215
id_74px7xvkyzvhz.jpg,0.027910233
id_74q5egz8yy5c5.jpg,0.9692383
id_75g2ut71g3uzi.jpg,0.03282547
id_76muoxvhp7a2q.jpg,0.0627861
id_771bxr4u4zbic.jpg,0.031122208
id_77942k4mx3whm.jpg,0.020547867
id_77b14mjd55rfc.jpg,0.932251
id_77l8hsoe4wvlf.jpg,0.027153015
id_794mavhkknrwm.jpg,0.078430176
id_79kbaop01pwxt.jpg,0.022978783
id_7a02yvik5560y.jpg,0.9456787
id_7b5453prwqjbl.jpg,0.8284912
id_7by4d95256hwh.jpg,0.1015625
id_7cl4v57l1pntg.jpg,0.032175064
id_7e84segtz7vy6.jpg,0.95129395
id_7e94jjbqqf9uh.jpg,0.9342041
id_7ev3q3omkmf57.jpg,0.016828537
id_7f9ahqb4shttr.jpg,0.98376465
id_7fdhk1n6hoc9g.jpg,0.94958496
id_7hoawcieqg1t5.jpg,0.019792557
id_7honk0fmv6bhe.jpg,0.9604492
id_7il04emph38vg.jpg,0.94384766
id_7klbihicfglh2.jpg,0.9526367
id_7kqo93nf7e1eb.jpg,0.9859619
id_7mbak5yr8whbe.jpg,0.97595215
id_7qg8td2rgfadm.jpg,0.92871094
id_7r4x3xh7cf9t7.jpg,0.028419495
id_7rwzstixodos2.jpg,0.025455475
id_7s0lsde63l3a7.jpg,0.967041
id_7u4p0wklpcq8i.jpg,0.024759293
id_7v22tggxeqw0z.jpg,0.06411362
id_7vbwir3fgtub5.jpg,0.06386566
id_7w0vaoi054qjw.jpg,0.9758301
id_7w7iuw6vyeuxn.jpg,0.9630127
id_7wjhb1g25ox4k.jpg,0.02515459
id_7z9ulp4vtg24o.jpg,0.03691101
id_80cam1dk5d2iu.jpg,0.9451904
id_831oqjmkabdp2.jpg,0.026081085
id_83xjw59s3f89s.jpg,0.027802467
id_8c1rjyuzecwy3.jpg,0.026678562
id_8ddzqb8t8oam3.jpg,0.98168945
id_8dq95qyanyr10.jpg,0.02498436
id_8haqm8z4r3pkc.jpg,0.9477539
id_8i8lvp32xqqwt.jpg,0.91796875
id_8jcupq7v5n2d6.jpg,0.019906998
id_8ju8mq4uq8pf9.jpg,0.026968002
id_8jy53aqj1p09c.jpg,0.9562988
id_8k79nzz5m0nox.jpg,0.026950836
id_8o7aii608g617.jpg,0.9490967
id_8qcco1p7ax7yz.jpg,0.9786377
id_8rhvb31a2sjqn.jpg,0.9199219
id_8s4ak2muh2hqf.jpg,0.72302246
id_8wal6t915tcle.jpg,0.96777344
id_8wv8fgqeltihh.jpg,0.9403076
id_8xhsdu88vzucd.jpg,0.024897575
id_8y744z2pzc6k5.jpg,0.96899414
id_920lx0w40l5bc.jpg,0.9608154
id_947ppknd5n35k.jpg,0.026657104
id_96p35y6zto078.jpg,0.96203613
id_96tauaogd34nq.jpg,0.9602051
id_98q592pua2fiq.jpg,0.026420593
id_98sw4b0feufcb.jpg,0.9567871
id_997nave1s34c2.jpg,0.027349472
id_9bdmwfp1y1f0z.jpg,0.9752197
id_9bdmxw5gga3n9.jpg,0.026685715
id_9bl0ktavy9wjw.jpg,0.03200531
id_9c38hth679bt2.jpg,0.023842812
id_9df551udvd7d0.jpg,0.058441162
id_9echr7690pj0m.jpg,0.01866579
id_9f7joebkno5q1.jpg,0.02851963
id_9fcj5ih44ok93.jpg,0.021709442
id_9fy3hsg6ee84q.jpg,0.02842331
id_9gpbcmswohvf2.jpg,0.022714615
id_9gzghxkrcnhgl.jpg,0.9454346
id_9ivs9hqh2ohb8.jpg,0.9628906
id_9jns8girsycuf.jpg,0.022153854
id_9k8jzn3imnw39.jpg,0.028804779
id_9lglkvqx4b7ob.jpg,0.029338837
id_9q0uc9xad7tvy.jpg,0.026891708
id_9qqaai85sphf3.jpg,0.96569824
id_9r6fcsdmnn8aw.jpg,0.016530037
id_9ro47f0dbinn2.jpg,0.9604492
id_9stj11h5sb6nq.jpg,0.024230957
id_9t8avtzytr6of.jpg,0.80407715
id_9upafqmbampxb.jpg,0.05506897
id_9uzxnxq94ynha.jpg,0.9555664
id_9x58mtyj2xg4a.jpg,0.97265625
id_a301ospcfk02m.jpg,0.027965546
id_a3lwbml92fydz.jpg,0.95422363
id_a5oeot82nw9yz.jpg,0.029914856
id_a6l4ysktupw1a.jpg,0.057769775
id_a6mgclpida5bs.jpg,0.979126
id_a6q61f95nduw8.jpg,0.9749756
id_a8lnf5igeqs78.jpg,0.036478043
id_a9rvruhzm9871.jpg,0.034591675
id_aabz5umdxel28.jpg,0.028591156
id_abr4c5w577a4l.jpg,0.98547363
id_acq4nyrr2q2yq.jpg,0.02858162
id_ad6ktg180tfe6.jpg,0.061473846
id_adc5fx3lahglc.jpg,0.9614258
id_agq9zw3dbjhyr.jpg,0.9395752
id_ahx8f5r6z3xvq.jpg,0.9071045
id_ajh8j3fnb9pdh.jpg,0.95458984
id_ak0061sroqch2.jpg,0.028137207
id_alk6bs7rhwuj6.jpg,0.015537262
id_alu662k9vy7vh.jpg,0.04080963
id_amm36gfqeo1af.jpg,0.9752197
id_ao0s59swr97at.jpg,0.023150444
id_aq2tyimav0xd6.jpg,0.014857292
id_aryxxb4gbwzm2.jpg,0.02618599
id_asfv7ovj89rca.jpg,0.028569221
id_assp3v5gust9n.jpg,0.9321289
id_asxzipyhmevks.jpg,0.55010986
id_aysfeippqwr7s.jpg,0.027456284
id_b2bj4x1c0i5oz.jpg,0.03482628
id_b2d9hrtuxnn8m.jpg,0.9752197
id_b33pa6paby2no.jpg,0.03645134
id_b4m5ui85ubv10.jpg,0.6436157
id_b5napys9kq59h.jpg,0.021144867
id_b8r56iiw725mf.jpg,0.039928436
id_bcpjkvtrfshtt.jpg,0.98620605
id_bd5ri69rptqug.jpg,0.021093369
id_bda0lklz5u87o.jpg,0.7930908
id_bdyydtvkepo6n.jpg,0.9350586
id_bftloanag5hv0.jpg,0.95458984
id_bhoy9ri8o326r.jpg,0.9675293
id_bioodytb5nvx5.jpg,0.028100967
id_bjh4nokw9y2vp.jpg,0.025835037
id_bk66g3c5rh939.jpg,0.05398178
id_bmg28vd7hcqhd.jpg,0.803772
id_bo570nafqp1mo.jpg,0.9671631
id_bp83o1rfvdyon.jpg,0.9433594
id_br664b105gb7b.jpg,0.80358887
id_bu8pvqpxq0d3y.jpg,0.028438568
id_bufztcc1adj2p.jpg,0.93774414
id_buuuyyp73lqcu.jpg,0.019462585
id_bw9bw5kse2764.jpg,0.021829605
id_bwk82qyjt84qs.jpg,0.9581299
id_bwxyeh4hlkj1e.jpg,0.958374
id_bzz64mw8y69dz.jpg,0.9238281
id_c0xpx4nmaemx4.jpg,0.97180176
id_c25t9ym6mhlka.jpg,0.110528946
id_c3elunfh3riwm.jpg,0.9667969
id_c3frbzk0wso33.jpg,0.021436691
id_c4m3k73f1m88i.jpg,0.9868164
id_c4sya1pnc6wiq.jpg,0.0423851
id_c5mkvcy0cff1p.jpg,0.7509155
id_c7yuby0q534nb.jpg,0.025671005
id_c81rb7732zuj6.jpg,0.95996094
id_cc3qfoso6kegk.jpg,0.9577637
id_cdj0hk75uwthz.jpg,0.98327637
id_cdpxchsmlec3l.jpg,0.8858032
id_ce3uk6uhykr0u.jpg,0.95422363
id_ce50fdnq19gdr.jpg,0.93481445
id_ce8p9yvoj498o.jpg,0.68252563
id_cef99yakuap4i.jpg,0.97595215
id_cfe4sss8crs9j.jpg,0.023370743
id_cjgpglfxp54t4.jpg,0.028743744
id_ck3z5g0nnovqa.jpg,0.03622818
id_cm7qyzh4inhgw.jpg,0.98535156
id_cmbbvggqx3ksl.jpg,0.11141968
id_cr90qtv58kryx.jpg,0.7672119
id_cs84u8qezak5w.jpg,0.9642334
id_csxznohquvls7.jpg,0.023635864
id_cuszu7wlt9o2u.jpg,0.9376221
id_cv6ih283x075i.jpg,0.17695999
id_cwpciigblfb02.jpg,0.030295849
id_cwwzus65ucyx3.jpg,0.033186913
id_cx084yxkctdtk.jpg,0.046409607
id_cym4n0vr385g1.jpg,0.10372162
id_czeamudnh35fg.jpg,0.03105545
id_d12lbm35m5n7y.jpg,0.029111862
id_d19dt0ui0crby.jpg,0.9465332
id_d437stks5umjk.jpg,0.9803467
id_d440ak7wgllwz.jpg,0.023637772
id_d4q50vs2c28cl.jpg,0.9277344
id_d4rlwk1jqqwn5.jpg,0.039527893
id_d5d1y7zvik92h.jpg,0.95947266
id_d5edofg2wm1nk.jpg,0.9560547
id_d5takuokikvz4.jpg,0.024230957
id_d762bvcu98uhm.jpg,0.033428192
id_d7vd58fcgwlaw.jpg,0.02516365
id_d8vatr4y29zde.jpg,0.030846596
id_d9gp5gilf6ct5.jpg,0.0159626
id_dbeorx8wd8b6u.jpg,0.96655273
id_dbnucwds1p9j4.jpg,0.033821106
id_deyup3jir6mea.jpg,0.043884277
id_dfbztiljqqwoo.jpg,0.020158768
id_dfc9c2fim0c66.jpg,0.9671631
id_dgro6ruuntxpm.jpg,0.9263916
id_dgtyd7l1uivls.jpg,0.023690224
id_dixgo558h60on.jpg,0.022953033
id_dj25q6do94r1g.jpg,0.9567871
id_djfa6fhdcj5gr.jpg,0.762146
id_dkfec2t2bqod5.jpg,0.9577637
id_dkzvwmnm20lcm.jpg,0.03019905
id_dnos809xgxc4e.jpg,0.9458008
id_dnw1qqwv3ckin.jpg,0.93774414
id_doc6okyyzg3av.jpg,0.030964851
id_dqpf0ijjd64ef.jpg,0.020433426
id_dqsn291q56uvk.jpg,0.9683838
id_dqyqlg55m3c90.jpg,0.04189682
id_drt4kh2e6asdh.jpg,0.032197952
id_ds563y2os96uf.jpg,0.030258179
id_dugny36ll5xma.jpg,0.027112007
id_dy6bd86q9pv5z.jpg,0.95495605
id_dziz3860j8kam.jpg,0.9272461
id_e05v27y6kqkqp.jpg,0.9725342
id_e1z3zc206whuz.jpg,0.9539795
id_e2kisk0vz9hsf.jpg,0.020884514
id_e2rszw5v19ucd.jpg,0.9136963
id_e2sjume98s3n6.jpg,0.9766846
id_e3h4c8lg3t9y2.jpg,0.9703369
id_e4456nygs01fw.jpg,0.9838867
id_e48xl5ah26ymg.jpg,0.9803467
id_e4ax09auo93wk.jpg,0.96398926
id_e4pzaejxzgz8p.jpg,0.036159515
id_e5fgssmd8jxi5.jpg,0.9699707
id_e5zvgve9kylzs.jpg,0.021525383
id_e645z1ei9vgs5.jpg,0.87402344
id_e7xqnq399b2sm.jpg,0.037223816
id_e9capt6nna88e.jpg,0.020791054
id_e9g2jdwqc4dz5.jpg,0.029611588
id_ea1jqu0mupzju.jpg,0.9667969
id_ea8zqkedri9bl.jpg,0.023647308
id_ecla9uti0d89o.jpg,0.9145508
id_edg4lzvyv1k08.jpg,0.028627396
id_edhcnlow8q672.jpg,0.027544022
id_edoizxdlev68r.jpg,0.025208473
id_eeh0s4d3ykqbl.jpg,0.03860855
id_eepjii5xd0zu4.jpg,0.03365326
id_eeye1kut4phcs.jpg,0.027600288
id_eg5ao8nwofufv.jpg,0.96765137
id_egc11auqsjy30.jpg,0.016086578
id_egmi063ob6fz0.jpg,0.021783829
id_eh4ifvp96pgr4.jpg,0.80407715
id_ehnkmex7ll2z1.jpg,0.022882462
id_ehxk7now96mwj.jpg,0.037895203
id_eijhpf3gr8jhw.jpg,0.019060135
id_ej77m675vof2w.jpg,0.11302185
id_ekyqyjrgdrj9b.jpg,0.025089264
id_el3tukh11gl3b.jpg,0.023543358
id_emp3f5rkfa2ku.jpg,0.079852104
id_emw7nnajyh9e0.jpg,0.024097443
id_emxfp5zdjg2gt.jpg,0.9362793
id_ep73ws91voumm.jpg,0.01980877
id_et8o3lm2zr81l.jpg,0.4567871
id_exuxh3kcwd9ub.jpg,0.028695107
id_eyv59xwnghgin.jpg,0.017486572
id_eywzpvc40w4mj.jpg,0.95214844
id_eznav0dln0l5f.jpg,0.056632996
id_f0mub1zp8kzpk.jpg,0.024147034
id_f2smpidnutk1l.jpg,0.9777832
id_f2xsr92rgyx32.jpg,0.023801804
id_f410gyqasdc8m.jpg,0.021642685
id_f4wmhl819mrwt.jpg,0.03129387
id_f5qju4mm4ohkp.jpg,0.02950859
id_f6qdqbvb8dstq.jpg,0.97143555
id_f7v9k2vu34wuk.jpg,0.9696045
id_fcn2rzwzmp0b8.jpg,0.026407242
id_fcw8r1wrs3gsp.jpg,0.94140625
id_fes7f8cppikpt.jpg,0.9766846
id_ffbn3xvzw99lx.jpg,0.9674072
id_fflu63kv6vxcl.jpg,0.027291298
id_fhcigpm4a78jf.jpg,0.022220612
id_fidqsb565rcl8.jpg,0.034656525
id_fjhmiebt5yew0.jpg,0.9733887
id_fnxw68bcl5cj8.jpg,0.9530029
id_fouhcijrref16.jpg,0.9530029
id_fqgczdox0ixrg.jpg,0.066534996
id_frx82x9avx9f3.jpg,0.10569
id_fseel778folf8.jpg,0.03149271
id_ftkgzq3d510ij.jpg,0.048137665
id_ftx0knfcny2f2.jpg,0.96484375
id_fwracje8ba6ea.jpg,0.94091797
id_fzkbb7yo08gx0.jpg,0.08776474
id_fzr9mdlzid59l.jpg,0.023480892
id_fzsgziazgk2my.jpg,0.89819336
id_g4kpinixevtqv.jpg,0.025981903
id_g4uz84ui23z1l.jpg,0.9626465
id_g6d0qghtbgyw5.jpg,0.024250984
id_g7t0bccqt9eh2.jpg,0.02680397
id_g8o9bqdjisxj4.jpg,0.97180176
id_g9yz6a6cb82zs.jpg,0.96936035
id_gan6tof7qq11n.jpg,0.942749
id_genzpm2ebewh2.jpg,0.9786377
id_get8ah19qgktm.jpg,0.040498734
id_gfdf9zqr5wu1i.jpg,0.034571648
id_gghnmp9hjfd4z.jpg,0.03360367
id_gidbipnnpr5bb.jpg,0.021805763
id_gkgo9dey3q4yc.jpg,0.95825195
id_gkxz5pnetorhu.jpg,0.9654541
id_glb54kimnm3kx.jpg,0.95617676
id_gn1gu82calsqx.jpg,0.01918888
id_gn8buoeu10fd3.jpg,0.9523926
id_gn97b6fywfykt.jpg,0.9625244
id_go1bcuw1fxwrl.jpg,0.026293755
id_gq5og6uea73gx.jpg,0.025812149
id_gqlo065h5hctv.jpg,0.92578125
id_gry3yr6bmpho6.jpg,0.9633789
id_gsljy1wtyji8c.jpg,0.04704857
id_guq79iyjkvm05.jpg,0.01640606
id_guslvedithdei.jpg,0.026107788
id_gxnplt2net2uc.jpg,0.032608032
id_gxxhz7aacw3no.jpg,0.027467728
id_h1amuiz7pkpii.jpg,0.020867348
id_h3icuz5rujzmo.jpg,0.9786377
id_h43ol8e6j4zmv.jpg,0.9083252
id_h44gy7thpht2t.jpg,0.022163868
id_h4gonrdjly79r.jpg,0.028388977
id_h8eb7dgh83ex1.jpg,0.95007324
id_havb1sb4tm6qx.jpg,0.9766846
id_hb05euc3ndd2q.jpg,0.9772949
id_hbkyq0j3bztm3.jpg,0.08963013
id_hde6uje04yrp3.jpg,0.03177643
id_hdm8vgyjro62c.jpg,0.018462658
id_hf8m27ccek4og.jpg,0.029847145
id_hh4mflgk9bvxp.jpg,0.94641113
id_hhvo3acq2g6wq.jpg,0.03399849
id_hlcztz7jh33l0.jpg,0.9708252
id_hmt0uv0j3p3mz.jpg,0.95336914
id_hnlfykik5xxmg.jpg,0.9814453
id_hpq6lvt6u12qt.jpg,0.025594711
id_hscszvx4p9r2j.jpg,0.022364616
id_hswxvhytuldaf.jpg,0.9555664
id_huiywr6f30aik.jpg,0.88586426
id_hurmc82na5roo.jpg,0.041511536
id_hvqn1q4f18jbf.jpg,0.69055176
id_hy38v9zaw14hy.jpg,0.027738571
id_hyixhg9uupk57.jpg,0.9556885
id_hyo847219usfo.jpg,0.02456379
id_i1xk3a0mbcgwd.jpg,0.97546387
id_i5swuj683wpi8.jpg,0.99243164
id_i6p1dubbxn1u6.jpg,0.030008316
id_i9rc564krvgf6.jpg,0.023254871
id_ia0lf0irc8kzm.jpg,0.95532227
id_iaqc5g7ckc2ll.jpg,0.9539795
id_iazisb3npvywi.jpg,0.984375
id_idccghclk4wla.jpg,0.98461914
id_if0p5inzfsodu.jpg,0.9798584
id_igy2j3mdxebth.jpg,0.95788574
id_iij0bq9wwajur.jpg,0.035173416
id_ikrqdut1fmh91.jpg,0.9696045
id_ilpzt93nvszwx.jpg,0.029592514
id_iltf0gkjwnhxl.jpg,0.9727783
id_ilyvz27zm3af1.jpg,0.9250488
id_imszqsm07ax37.jpg,0.025777817
id_invpyicxa0ws1.jpg,0.02021885
id_ip9aezlpwp8zr.jpg,0.021196365
id_iqllwircjcprz.jpg,0.97680664
id_isbdddinfuio0.jpg,0.9425049
id_it4gv676n6vla.jpg,0.96240234
id_it8v60llkal00.jpg,0.045337677
id_itdigb6lgjllr.jpg,0.97265625
id_ixooabldxtjr7.jpg,0.027071
id_iybt6v47ihs77.jpg,0.028297901
id_j1ccjqh3z30n6.jpg,0.93933105
id_j1g8gxq6mbr1v.jpg,0.96728516
id_j1tql35njwgbx.jpg,0.059216022
id_j3wxqokp2dno2.jpg,0.94958496
id_j7etxfwhwx31x.jpg,0.97387695
id_jay9i9536lws0.jpg,0.97180176
id_jdh5nzfqvmzop.jpg,0.030761719
id_jenjhazxz1m8y.jpg,0.94091797
id_jfawcdvgckaoe.jpg,0.027701378
id_jgg8dh00hx51z.jpg,0.026845932
id_jgpf07teyj9q9.jpg,0.027676582
id_jhocdqi514hff.jpg,0.9172363
id_jhzh1t9w6secd.jpg,0.8878174
id_jjihi7ruy4m20.jpg,0.9503174
id_jjtdpqlk0xcl2.jpg,0.03911209
id_jlnuo09hvgo2z.jpg,0.024787903
id_jndd1ks12glri.jpg,0.94885254
id_jnjlii60om8v5.jpg,0.028291702
id_jqtvwvqfai8pc.jpg,0.04539299
id_jswje4f0pswq3.jpg,0.02536869
id_jt8vbi15hnty8.jpg,0.93078613
id_jwre73shpdedx.jpg,0.032930374
id_jwxuivgfollzc.jpg,0.7562866
id_jyja425z3qiom.jpg,0.030025482
id_jyukpxtttha7j.jpg,0.9609375
id_k0o7ewbpcbhfu.jpg,0.96936035
id_k1gb7p9o2cc9i.jpg,0.97473145
id_k1r1jz70fv8se.jpg,0.93530273
id_k2olmbftscawq.jpg,0.03113556
id_k2yb6j2ru41me.jpg,0.9926758
id_k4di1dr6bb0fq.jpg,0.9852295
id_k5v0lm85ot123.jpg,0.95703125
id_ka0kvgu71000f.jpg,0.019737244
id_kb8zc0m2y7wip.jpg,0.05716324
id_kbo2ke9bhatd0.jpg,0.98742676
id_kddaewz2y8mx9.jpg,0.9584961
id_kefa6m4ywjocu.jpg,0.03331566
id_kf6gtapkrs9u1.jpg,0.9560547
id_kh8bru7blrui8.jpg,0.023785591
id_khobvee6108ss.jpg,0.029167175
id_klvf02gf4yzrn.jpg,0.9642334
id_kn4ml4o177qgl.jpg,0.022651672
id_kolc6i1cdsqgi.jpg,0.029342651
id_kpsqlq0uj3sbo.jpg,0.91918945
id_kqk5o9fp8pac2.jpg,0.028432846
id_kv3ljzv7tlfo3.jpg,0.97802734
id_kvcuf3jee8cei.jpg,0.94299316
id_kw5n7ufgzzxgn.jpg,0.97106934
id_kwzkjhys08iqt.jpg,0.059238434
id_ky42yzwkk6bb7.jpg,0.02336216
id_kyb63lwe6t7d4.jpg,0.024959564
id_kyl6ecpqi3g0c.jpg,0.04626465
id_l0e7ym8962vpv.jpg,0.14553452
id_l0pgtbqwsmu08.jpg,0.95666504
id_l1bj8tixuwx4f.jpg,0.03551483
id_l1ixknyd0j65l.jpg,0.9855957
id_l1vq9rttbrm6i.jpg,0.9873047
id_l2edkvl829i3m.jpg,0.021917343
id_l4o9q1stbkvdl.jpg,0.038898468
id_l8a1zyg15w7av.jpg,0.9831543
id_l8xe7b3acko67.jpg,0.9222412
id_l9wgku4lvd4ai.jpg,0.95910645
id_lake5ks8rp1yu.jpg,0.97924805
id_layfj6qd4mlqe.jpg,0.9593506
id_lb10vd47ktcz7.jpg,0.025452614
id_lbrnekmzckfdz.jpg,0.026313782
id_lbwtyprgk0y36.jpg,0.023849487
id_lel9yljzykxd5.jpg,0.034944534
id_lfc5upt5rujpr.jpg,0.9807129
id_lfd07h32l1fqt.jpg,0.9688721
id_lg1nmyiqvu2on.jpg,0.117744446
id_lk5rn9w248ud4.jpg,0.9699707
id_lmn1r849i6hhl.jpg,0.019028664
id_lmxurhq2728nw.jpg,0.03837204
id_lpsuzw9wi85w1.jpg,0.02072239
id_lt3icvh48y98y.jpg,0.031520844
id_lwjhmyou09wci.jpg,0.04226303
id_lwyyb50ndnf03.jpg,0.96643066
id_lxhusf89rr52x.jpg,0.91918945
id_lyrgpmjw43aba.jpg,0.9232178
id_lzvootknmcwlb.jpg,0.9406738
id_lzy6leo4qcawu.jpg,0.970459
id_m0yz1ly8ccxdc.jpg,0.033802986
id_m1i63to23hwkj.jpg,0.02550888
id_m2qlxmk5p7hgd.jpg,0.032081604
id_m3b6xq0gyx2xe.jpg,0.9686279
id_m7o1243clhwmm.jpg,0.024150848
id_m7rqav4ng6x03.jpg,0.96313477
id_mams7qouneq3j.jpg,0.8758545
id_mazz5tx7sum8u.jpg,0.07372093
id_mbf7j3964o67q.jpg,0.9592285
id_mdpzpt2ketsyu.jpg,0.9567871
id_mewt4hvmd487v.jpg,0.9219971
id_mfetxrbubfk3c.jpg,0.71936035
id_mizh9svva4pp9.jpg,0.92871094
id_mj4hl7uw6orq3.jpg,0.9732666
id_mkqwpyp4hltef.jpg,0.9758301
id_mo0ogqmahv22l.jpg,0.94348145
id_momw3usif9jw7.jpg,0.9614258
id_monei1xe42fub.jpg,0.9658203
id_mor10rapy2xwy.jpg,0.020342827
id_mqn5ic7cqnota.jpg,0.029996872
id_mr30wyug5b666.jpg,0.045921326
id_mrmbmho7rbap3.jpg,0.021632195
id_ms7f8ijudi9g3.jpg,0.954834
id_muhwttrzyz32i.jpg,0.97680664
id_mxw3c9bt27mc2.jpg,0.03504753
id_myc7v7er223hi.jpg,0.9713135
id_mz4efdpar7nkj.jpg,0.9534912
id_mz8jzr5q5x56w.jpg,0.02998352
id_mzwhrzdfzt92p.jpg,0.9178467
id_n08jqwe5wyzup.jpg,0.9580078
id_n4ngsoix8hli8.jpg,0.9815674
id_n5o8hduwpllfr.jpg,0.94873047
id_n7nqkw3trcvm8.jpg,0.95532227
id_nb5rr8pxtou9l.jpg,0.9394531
id_ncnsr6r3yapue.jpg,0.0321846
id_nd9hffe63z9zq.jpg,0.97302246
id_ndxgf9tl9qwdq.jpg,0.029159546
id_nghbouzl6cgse.jpg,0.025748253
id_ngkfl09o0kv4s.jpg,0.9493408
id_nh8vyrxjxmyou.jpg,0.033693314
id_nhfhledm9pfjo.jpg,0.9609375
id_nk4xdpv7xndw7.jpg,0.9605713
id_nkvydcwwidbol.jpg,0.9831543
id_nlbj2rs6kx6sk.jpg,0.87597656
id_nlefyji0lct4g.jpg,0.029413223
id_nnmtp23nh21z5.jpg,0.026193619
id_noqgtbgynw5w4.jpg,0.9840088
id_nrbygqx47gy5k.jpg,0.97753906
id_ns0abasanarqi.jpg,0.034448624
id_nsjoptnuki2p9.jpg,0.9741211
id_nwi0p8dwx8ptc.jpg,0.026008606
id_nwwcndeemxu2o.jpg,0.96276855
id_nxn2q3nmr535x.jpg,0.9761963
id_nxx02raggxc15.jpg,0.015337229
id_o11klauzelgng.jpg,0.035129547
id_o21uilop3dllb.jpg,0.025836945
id_o38opno238nk8.jpg,0.023257256
id_o6t7l2svysvww.jpg,0.9581299
id_o737mxvh861be.jpg,0.03336525
id_o8qbuynmoxsty.jpg,0.023664474
id_oaiu59d8rhxr7.jpg,0.04626465
id_oeafp9yi0rhan.jpg,0.027273178
id_ofz943jax1x5d.jpg,0.028957367
id_og1y4cstvzrob.jpg,0.05650711
id_oh6xvpdp8o25m.jpg,0.027000427
id_ohoc4pov4y6rn.jpg,0.9577637
id_ohxqavosb5ixi.jpg,0.95825195
id_oj4galpg817o8.jpg,0.9456787
id_ok2fq09zjbm6t.jpg,0.03172493
id_oldskqcyvb2kl.jpg,0.8905029
id_olfci5hg3eh2x.jpg,0.8312988
id_omm8fucx8b7er.jpg,0.970459
id_omo68gejurquf.jpg,0.9914551
id_on8l6a99l7bhv.jpg,0.032079697
id_oo78mfeju0nbg.jpg,0.9873047
id_opltewbrcjecp.jpg,0.02835846
id_oprawd4k0ij9p.jpg,0.018155098
id_oq9wvpi1vvz1o.jpg,0.9560547
id_orncqtmi5kw6o.jpg,0.018390656
id_oru6b7kzqjvie.jpg,0.8293457
id_orzwhpvys7hzg.jpg,0.92529297
id_ot428tqiflt48.jpg,0.019554138
id_ouh06zju4j8nb.jpg,0.9482422
id_owrwsvk3bxyw9.jpg,0.025169373
id_oyrmkfw89eiob.jpg,0.9592285
id_ozu2ixk3nkkun.jpg,0.92993164
id_p0m5f62mger4t.jpg,0.020913124
id_p16dadbw5m4fa.jpg,0.0269804
id_p1a0ikrgk1fco.jpg,0.031021118
id_p1dcn9qh0pxlp.jpg,0.026538849
id_p1q3qf4v2xun7.jpg,0.021493912
id_p1uokicmxvoxg.jpg,0.2376175
id_p28nfmr2n5am1.jpg,0.027168274
id_p2io92ha3lnb8.jpg,0.02232933
id_p558aqyu20hsc.jpg,0.02726531
id_p59pcho4cd51m.jpg,0.94055176
id_p8rmp495ey6co.jpg,0.08007622
id_p9vx81s4ve7vt.jpg,0.9458008
id_pakinm5d8ufpb.jpg,0.916626
id_pb3zi0odtx9ac.jpg,0.984375
id_pdaxmekw6uh2i.jpg,0.037456512
id_pdp1pti5vk1yw.jpg,0.9165039
id_pg657dl795e8w.jpg,0.8499756
id_pgg56puxlc2af.jpg,0.03324318
id_phe2hq3n9aeuw.jpg,0.93725586
id_piwkt52knf4l2.jpg,0.031230927
id_pj5xu38vgev0g.jpg,0.43669128
id_pkjt3idvxgjka.jpg,0.02822113
id_pry014kxj2igz.jpg,0.760376
id_pufm091dl92m1.jpg,0.9185791
id_pvkeyokoxrr3q.jpg,0.036067963
id_pyyqm7ia5nxyf.jpg,0.9259033
id_q0aj8r9pb90n1.jpg,0.94506836
id_q18t89sqbo3km.jpg,0.02423668
id_q3eou22t0r6sj.jpg,0.090415955
id_q3ftdnga4e70q.jpg,0.9560547
id_q3xsu688zwse0.jpg,0.05924654
id_q4d9qc3n8m6t7.jpg,0.94262695
id_q6zskktkcq6tv.jpg,0.03756714
id_q8nnzvn3akpu0.jpg,0.04027939
id_q9daonjjvzc3b.jpg,0.8503418
id_qa36zgpjttkwq.jpg,0.868103
id_qcofwv9m6h692.jpg,0.0318985
id_qdiyttv9v3ux6.jpg,0.96777344
id_qg0yhwgbfzff4.jpg,0.9555664
id_qgh17745tj1nw.jpg,0.92285156
id_qgms497hd7f9v.jpg,0.9688721
id_qhfi2q2g3w6el.jpg,0.9300537
id_qhhb4krv5zqmd.jpg,0.22576904
id_qhozk9p0hxb5u.jpg,0.01868248
id_qk85yrn9r3vw2.jpg,0.035728455
id_qlwv8jx122zgm.jpg,0.017108917
id_qmu0sn3haptpj.jpg,0.904541
id_qp7ixc7rq8qmm.jpg,0.022847176
id_qqg8yco4p28th.jpg,0.944458
id_qs1akpsidz7t2.jpg,0.9873047
id_qsoo3p51uezmg.jpg,0.9609375
id_qt1504gpum0qq.jpg,0.9436035
id_qtpu3v248zc89.jpg,0.03702736
id_quklbj6x87ljl.jpg,0.025511742
id_quztmouq7k9ea.jpg,0.9343262
id_qv5s1smwa293n.jpg,0.9412842
id_qw304ubi1hf9p.jpg,0.9678955
id_qxoa8snnu771a.jpg,0.024414062
id_qyeduxbi97wtm.jpg,0.030323029
id_qyzk24x95y1n2.jpg,0.9597168
id_r03luzygsw8ai.jpg,0.07977772
id_r1wq8uexjo1n1.jpg,0.99108887
id_r2q53etylo9yf.jpg,0.029414177
id_r63gbzv2g5q6i.jpg,0.97888184
id_r65rvo59lds7r.jpg,0.9571533
id_r6y5klavbejrs.jpg,0.02924347
id_r8tgcvo0bdcxi.jpg,0.39762878
id_rcaea35t2oimj.jpg,0.9421387
id_reko3vvt3119c.jpg,0.02977562
id_reky85zdlxewa.jpg,0.025322914
id_rgp5yp3y39ywm.jpg,0.97058105
id_rgrcdm8npocqo.jpg,0.98657227
id_rh03mlft8cocp.jpg,0.92077637
id_rhzdh4jqtw5dv.jpg,0.9649658
id_rkq058wvap3d0.jpg,0.9840088
id_rmuisfft7vyh0.jpg,0.024526596
id_rpfpq3fkrppqu.jpg,0.030183792
id_rrpt0uigrshn1.jpg,0.027672768
id_rsemunqzv02ab.jpg,0.9093628
id_rtj3dxcyd30eb.jpg,0.9472656
id_ry9xpo7ujfbdq.jpg,0.9194336
id_s2sx1wu2t47si.jpg,0.970459
id_s4gq9mynu4v9v.jpg,0.96813965
id_s5qrxe555yb08.jpg,0.9688721
id_s5tdcubmb9yal.jpg,0.95751953
id_s60ogpa520trb.jpg,0.9493408
id_s6bo94l24dft9.jpg,0.02549553
id_s7z6pldk5a9bs.jpg,0.028766632
id_sawi5skoqagig.jpg,0.01992321
id_sawk7dtnu1okg.jpg,0.9460449
id_sb9l61fupq5si.jpg,0.036930084
id_sbrywv60v4bhs.jpg,0.96899414
id_scy8uzfdxfjke.jpg,0.031040192
id_se8sve0aewqrx.jpg,0.829834
id_se9t6bbpwcboj.jpg,0.028157234
id_sfvcij8ne337l.jpg,0.024036407
id_sg2veaj57h3my.jpg,0.055900574
id_sh2ygj5mljwgu.jpg,0.8753662
id_sj11donor2xqq.jpg,0.032100677
id_sk93481ce1hqe.jpg,0.9263916
id_slp5p9yox8i1e.jpg,0.02252388
id_sn8p1ituhofx4.jpg,0.9338379
id_snyxyh5ygnnch.jpg,0.9650879
id_sp3hcwx1h2ijd.jpg,0.10680771
id_sp7cfys193i7h.jpg,0.96118164
id_spqpoqpgzxopc.jpg,0.025036812
id_srkotm81kydt4.jpg,0.114543915
id_sso3d86mj6p2a.jpg,0.029354095
id_stgoxknza04ef.jpg,0.970459
id_subun3j6fwwgd.jpg,0.9394531
id_suno8rneiz4d3.jpg,0.95043945
id_svv8wlgw91l5u.jpg,0.026936531
id_syww04hsrlmr2.jpg,0.025500298
id_szjom7pipdegv.jpg,0.023743153
id_t0akpkfejcg6p.jpg,0.029367447
id_t19lvzbjibvff.jpg,0.05990982
id_t52s29t4qjwk0.jpg,0.97753906
id_t5ti6gpghrwp8.jpg,0.9511719
id_t6ni0s3luhvd9.jpg,0.9703369
id_t7rr935lk5cme.jpg,0.97546387
id_t819dxagi82uo.jpg,0.14193726
id_t8bubeamk3jw0.jpg,0.9786377
id_t8utks2bj0uik.jpg,0.02271843
id_ta4zanp3qvqg4.jpg,0.037849426
id_tbc33rw6x98vj.jpg,0.022361755
id_tbnx3gvpvb407.jpg,0.030118942
id_th0splikrybjo.jpg,0.961792
id_tip85303wy58u.jpg,0.9432373
id_tiqzifyhmd0hg.jpg,0.032485962
id_tjik2voum4efu.jpg,0.030761719
id_tl2wh9zwemq7w.jpg,0.9605713
id_tpo35ot9uzhht.jpg,0.024840355
id_ts61gee3gnr0j.jpg,0.08929825
id_tsgmslybhuxru.jpg,0.94970703
id_tujmya610mzq8.jpg,0.017906666
id_tuk8clh3a29mx.jpg,0.028977394
id_txsu6j6g4xk6l.jpg,0.027990341
id_u0p2ychjinom1.jpg,0.967041
id_u1yq25iyffhs7.jpg,0.9556885
id_u2t0g4xn20qcu.jpg,0.043636322
id_u44qe00y0624p.jpg,0.9852295
id_u5cgdvspkcd1t.jpg,0.027953148
id_u5o6o6mmvgnn0.jpg,0.96777344
id_u5p14y6gcsbd4.jpg,0.029724121
id_u5sdl7x851o49.jpg,0.02563572
id_u6kr51horikuk.jpg,0.058052063
id_u7bmxv35i8eps.jpg,0.94970703
id_u7c4cgp79ssf0.jpg,0.9628906
id_u7qzqba3623cy.jpg,0.01815319
id_u8l2shzgw06eu.jpg,0.02391529
id_u9vp6yysie6er.jpg,0.9753418
id_uak9ol07gvsou.jpg,0.03327179
id_ubzelu1txmzuj.jpg,0.021345139
id_uca5ygbqpk80h.jpg,0.023780823
id_ue07rv7g55wio.jpg,0.024253845
id_uepvhmqmybs54.jpg,0.9641113
id_ufqksvob7fl0o.jpg,0.024957657
id_uh4fa093yuzrm.jpg,0.03247261
id_uhfxlx76abuja.jpg,0.9633789
id_uibnqp22lhmcz.jpg,0.050085068
id_uikwqhvsze306.jpg,0.9761963
id_uluaff8phq2da.jpg,0.024897575
id_ulz9zat7y48p3.jpg,0.95532227
id_umsv364un6a84.jpg,0.034729004
id_uorhzleq7e5z8.jpg,0.9753418
id_uqqzlxlpcv5jg.jpg,0.018779755
id_ur6mc3tuimko7.jpg,0.020605087
id_urfj0q60utk0l.jpg,0.568573
id_urzulxpy314wp.jpg,0.975708
id_us3wrixkuy8xp.jpg,0.024449348
id_ut9h7f66f41l8.jpg,0.030845642
id_uteb8xtiw8okh.jpg,0.9517822
id_uuy6g69cxtfa6.jpg,0.018370152
id_uwpjlabmua56w.jpg,0.015499592
id_uyrvfhalkhn4i.jpg,0.9621582
id_uzzds6sqaqi0m.jpg,0.94958496
id_v144gkuxjl3k5.jpg,0.1532135
id_v1jpjln5wvu4b.jpg,0.98095703
id_v2ovk3ljffcuv.jpg,0.9432373
id_v4mto5ppx855h.jpg,0.9550781
id_v4smeahojyusb.jpg,0.0333786
id_v4y0poc7d9u3w.jpg,0.063072205
id_v4zb5q5wetikx.jpg,0.93725586
id_v54wbov1kvcd9.jpg,0.061463356
id_v78t4emp1985p.jpg,0.92578125
id_v7unhim7vonjk.jpg,0.95581055
id_v8gjlfgnpj55j.jpg,0.02515316
id_vb6bfjd52vyis.jpg,0.96728516
id_vbw31bwmru9e2.jpg,0.023521423
id_ve8o0syb8izuq.jpg,0.84643555
id_vemzm5w9ogb20.jpg,0.722229
id_vfmguj5bajin4.jpg,0.019984245
id_vg9ik79ghapah.jpg,0.025226593
id_vge9yeqkttjv5.jpg,0.06616974
id_vgza7i15s3vum.jpg,0.835022
id_vhaqbprdfmitj.jpg,0.021522522
id_vj0vfh86qo794.jpg,0.9349365
id_vj2y7sea5wie6.jpg,0.9793701
id_vj84xwpwgptjc.jpg,0.93151855
id_vlk312ey8fsm8.jpg,0.95214844
id_vlnt1wfcbzqmm.jpg,0.96569824
id_vmdx69g7b6y2x.jpg,0.97961426
id_vmgyb02b5ju8j.jpg,0.02929306
id_vmh8s93olep4f.jpg,0.60861206
id_vnwfvoodyd6ie.jpg,0.96850586
id_vnyrw0wxwyepq.jpg,0.024804115
id_vo2uqgba7zkqv.jpg,0.019316673
id_vprwi4mgl3e81.jpg,0.01773262
id_vrwxq04mx28i2.jpg,0.9333496
id_vsryghg0q2uzy.jpg,0.9415283
id_vt7saxfk19kf3.jpg,0.9293213
id_vtu987zo3nuen.jpg,0.027698517
id_vvgoi90r2ddt0.jpg,0.025510788
id_vvjp4ohs5agpb.jpg,0.019680023
id_vwn6a8wx0tjsp.jpg,0.04339981
id_vyu9ufvzpqspb.jpg,0.97631836
id_vz37akg3b7upt.jpg,0.03219223
id_w1eilz8uiir2a.jpg,0.033899307
id_w21zl64qhss0o.jpg,0.9576416
id_w2fc83tcp5869.jpg,0.67129517
id_w5c2r91ywroul.jpg,0.97509766
id_w615unq3rgp73.jpg,0.9667969
id_w6n213yf1qyn1.jpg,0.022709846
id_w7c4sjtu2702y.jpg,0.8949585
id_wayv4yg79zkwp.jpg,0.01911354
id_we5ro0y9cpmez.jpg,0.88256836
id_wefxxfedxyejy.jpg,0.95129395
id_weo7cqiq5q8ja.jpg,0.9448242
id_wg9gipfqqjf5l.jpg,0.0229702
id_whpsxv8igba6y.jpg,0.07049179
id_whzmoee1m9nwc.jpg,0.040525436
id_wj2hlc5eojwob.jpg,0.026342392
id_wlmmzefwqrtw0.jpg,0.9373779
id_wmdh1zlfbwrh0.jpg,0.0448761
id_wpvkssz0wbebd.jpg,0.9805908
id_wpx3pfrqyrk8g.jpg,0.9536133
id_wqx83hdvcph9b.jpg,0.023283005
id_wqzen5ctpjmg7.jpg,0.027139664
id_wqznsj38wv6xt.jpg,0.96899414
id_wr5yjqmb1p8qs.jpg,0.9544678
id_wrawq9l23slft.jpg,0.044252396
id_wsamj07heyhma.jpg,0.958374
id_wuwwzds4vq33g.jpg,0.029901505
id_wv07es4tw18wz.jpg,0.8997803
id_wwuuf26ob6riu.jpg,0.020811081
id_x2b6fbsy910st.jpg,0.9683838
id_x2cf9uij6xr30.jpg,0.9881592
id_x4gudgu9g4j9y.jpg,0.020648956
id_x5bzct0goilnb.jpg,0.03464508
id_x5d9sabq8ntd1.jpg,0.029920578
id_x6cyoxjm7m4b1.jpg,0.03771019
id_x6l00ektplmy6.jpg,0.02608776
id_x72gbo23dl0qp.jpg,0.03619957
id_xamlh8htt4904.jpg,0.019426346
id_xbfz5mrc95gcn.jpg,0.027353287
id_xbk7ztt27sqo2.jpg,0.9173584
id_xd9u770unors4.jpg,0.86279297
id_xivg8hilgkkkb.jpg,0.87280273
id_xj4zxs4t6mhmm.jpg,0.9517822
id_xjl3ap8i6u49v.jpg,0.9641113
id_xm9r00elnhefu.jpg,0.96936035
id_xn7q1hap0vexa.jpg,0.96728516
id_xnuym3kjdfh81.jpg,0.96154785
id_xo6azerj35fnn.jpg,0.80566406
id_xodmub233l3e3.jpg,0.9836426
id_xoj0ssa5vafac.jpg,0.9647217
id_xos62h890bf3l.jpg,0.03438282
id_xpwoij8jgy8dl.jpg,0.038589
id_xqey25vta5stj.jpg,0.025211334
id_xrbyml7cx9vm4.jpg,0.091765404
id_xtjfnrn3ad2qd.jpg,0.026752472
id_xukfq61ex1h6h.jpg,0.9346924
id_xuokx0ns30tbf.jpg,0.019001722
id_xx3yw43eha2g9.jpg,0.9802246
id_xxdpeoab6nk5s.jpg,0.030815125
id_xxgsbwt2sep35.jpg,0.7480469
id_xy3p7w76coy2c.jpg,0.03730011
id_xy7w7pev4q9jj.jpg,0.024145126
id_xyds64vlu3xg7.jpg,0.8808594
id_xzt3s3u5pjzkc.jpg,0.032669067
id_y0z6351w6p95u.jpg,0.979126
id_y1eimjqmtcpn4.jpg,0.033208847
id_y4p6l63pmtf3p.jpg,0.9667969
id_y588owrgxrf1i.jpg,0.023382187
id_y6xuj915mmy79.jpg,0.03003025
id_ya3aiizv2u87b.jpg,0.9633789
id_yap0lnbqullt8.jpg,0.86743164
id_ybhu75nzok4ko.jpg,0.95166016
id_ybs49hkkd1snv.jpg,0.982666
id_yc3gxt2qxpd9v.jpg,0.028268814
id_ycdiuy8y86ej2.jpg,0.95788574
id_ycrr6fz3zjodc.jpg,0.03194809
id_yj98je18hxw1u.jpg,0.9655762
id_yl7kd4tybybqc.jpg,0.02353859
id_ylulya0br4bj7.jpg,0.9744873
id_yn0ue2tiapdqk.jpg,0.2521057
id_ynq8soq0wof97.jpg,0.048728943
id_ypixqgg6dqnnm.jpg,0.028650284
id_yqivi8xomr4fb.jpg,0.96362305
id_ys5heh11m5ht8.jpg,0.9388428
id_yupw3rpjgpdg4.jpg,0.97021484
id_ywsucpm8tecx6.jpg,0.016230583
id_yzrtpsoebyh4b.jpg,0.041532516
id_z0ap98neu8u8l.jpg,0.96875
id_z3182mocj9en6.jpg,0.975708
id_z4duwpz9uobui.jpg,0.9503174
id_z6bqrznm41g4l.jpg,0.026428223
id_z7m5k2zjceyry.jpg,0.02548027
id_z7mvqbqaug03t.jpg,0.03734207
id_zbi0aob0kp34x.jpg,0.94873047
id_zbppb3zgmwfcj.jpg,0.08315277
id_zd4u35n6h1ctp.jpg,0.9797363
id_ze1qlrjd7cc94.jpg,0.9671631
id_zea6qm4xfaem1.jpg,0.9595947
id_zea88uzi4t041.jpg,0.019779205
id_zenvw2yxpxf49.jpg,0.9425049
id_zfrc8pi1nywc7.jpg,0.9499512
id_zfsh7ui6wal3m.jpg,0.94628906
id_zgk78fstjsvts.jpg,0.022592545
id_zhihayegpg2wn.jpg,0.96447754
id_zhjn7bxelfpfe.jpg,0.04379654
id_zl3jvwb3mck3m.jpg,0.018364906
id_zlvk27ddyso7o.jpg,0.95751953
id_zmis1anbf7hz6.jpg,0.97216797
id_zn1h3yogql6a0.jpg,0.02296257
id_zqztv13z4ffk1.jpg,0.9605713
id_zr32p6lk51xjr.jpg,0.9595947
id_zspnfeorkhy7t.jpg,0.03514862
id_zt9idochwsr40.jpg,0.035938263
id_ztcvnj0wb4w1r.jpg,0.8256836
id_ztenc22desh0x.jpg,0.022608757
id_zu56isuar83cy.jpg,0.022994995
id_zv5fvjnakvf1r.jpg,0.93566895
id_zvpikh1z30arn.jpg,0.022504807
id_zypilwkudljyz.jpg,0.024802208
id_zz9lwehh5sxdp.jpg,0.9630127
id_zzq9gaptlwd4w.jpg,0.9666748
